"Sample Number","Language","Time","Number of Recursive Calls","Number of Transitions","Number of Compares"
1,java 1.8.0_25,00.270,1,0,0
2,java 1.8.0_25,00.262,1,0,0
3,java 1.8.0_25,00.265,4,3,5
4,java 1.8.0_25,00.314,4,4,8
5,java 1.8.0_25,00.435,4,4,11
6,java 1.8.0_25,00.412,4,4,10
7,java 1.8.0_25,00.448,7,9,18
8,java 1.8.0_25,00.466,10,11,25
9,java 1.8.0_25,00.476,13,17,30
10,java 1.8.0_25,00.448,13,19,35
11,java 1.8.0_25,00.439,13,18,40
12,java 1.8.0_25,00.415,13,19,41
13,java 1.8.0_25,00.444,13,20,46
14,java 1.8.0_25,00.436,13,24,53
15,java 1.8.0_25,00.576,13,28,54
16,java 1.8.0_25,00.453,13,28,61
17,java 1.8.0_25,00.476,13,25,64
18,java 1.8.0_25,00.452,13,29,65
19,java 1.8.0_25,00.466,16,30,73
20,java 1.8.0_25,00.414,19,34,82
21,java 1.8.0_25,00.451,22,42,87
22,java 1.8.0_25,00.427,25,42,99
23,java 1.8.0_25,00.410,28,49,106
24,java 1.8.0_25,00.580,31,53,114
25,java 1.8.0_25,00.462,34,64,121
26,java 1.8.0_25,00.453,37,63,128
27,java 1.8.0_25,00.422,40,67,135
28,java 1.8.0_25,00.424,40,66,141
29,java 1.8.0_25,00.424,40,70,148
30,java 1.8.0_25,00.420,40,67,152
31,java 1.8.0_25,00.447,40,72,160
32,java 1.8.0_25,00.491,40,72,166
33,java 1.8.0_25,00.485,40,75,174
34,java 1.8.0_25,00.444,40,81,178
35,java 1.8.0_25,00.440,40,81,180
36,java 1.8.0_25,00.408,40,90,189
37,java 1.8.0_25,00.405,40,83,195
38,java 1.8.0_25,00.414,40,92,201
39,java 1.8.0_25,00.415,40,93,206
40,java 1.8.0_25,00.408,40,90,211
41,java 1.8.0_25,00.415,40,99,219
42,java 1.8.0_25,00.417,40,97,222
43,java 1.8.0_25,00.431,40,97,231
44,java 1.8.0_25,00.437,40,98,235
45,java 1.8.0_25,00.445,40,101,239
46,java 1.8.0_25,00.405,40,105,245
47,java 1.8.0_25,00.421,40,103,252
48,java 1.8.0_25,00.423,40,108,253
49,java 1.8.0_25,00.433,40,115,262
50,java 1.8.0_25,00.452,40,113,266
51,java 1.8.0_25,00.435,40,98,273
52,java 1.8.0_25,00.425,40,111,276
53,java 1.8.0_25,00.410,40,121,280
54,java 1.8.0_25,00.412,40,126,284
55,java 1.8.0_25,00.407,43,132,293
56,java 1.8.0_25,00.413,46,137,308
57,java 1.8.0_25,00.390,49,129,315
58,java 1.8.0_25,00.483,52,138,323
59,java 1.8.0_25,00.467,55,140,334
60,java 1.8.0_25,00.466,58,155,343
61,java 1.8.0_25,00.480,61,162,358
62,java 1.8.0_25,00.491,64,161,358
63,java 1.8.0_25,00.507,67,166,373
64,java 1.8.0_25,00.516,70,163,383
65,java 1.8.0_25,00.500,73,186,390
66,java 1.8.0_25,00.468,76,182,404
67,java 1.8.0_25,00.465,79,189,411
68,java 1.8.0_25,00.539,82,189,422
69,java 1.8.0_25,00.813,85,196,432
70,java 1.8.0_25,00.896,88,197,441
71,java 1.8.0_25,00.524,91,212,451
72,java 1.8.0_25,00.487,94,212,462
73,java 1.8.0_25,00.449,97,208,470
74,java 1.8.0_25,00.566,100,216,480
75,java 1.8.0_25,00.477,103,219,490
76,java 1.8.0_25,00.444,106,226,496
77,java 1.8.0_25,00.422,109,229,505
78,java 1.8.0_25,00.461,112,247,516
79,java 1.8.0_25,00.422,115,240,524
80,java 1.8.0_25,00.418,118,245,532
81,java 1.8.0_25,00.428,121,258,540
82,java 1.8.0_25,00.435,121,257,548
83,java 1.8.0_25,00.419,121,259,558
84,java 1.8.0_25,00.417,121,259,564
85,java 1.8.0_25,00.430,121,256,573
86,java 1.8.0_25,00.435,121,275,579
87,java 1.8.0_25,00.418,121,272,589
88,java 1.8.0_25,00.429,121,264,596
89,java 1.8.0_25,00.423,121,274,605
90,java 1.8.0_25,00.421,121,283,610
91,java 1.8.0_25,00.447,121,282,619
92,java 1.8.0_25,00.430,121,275,629
93,java 1.8.0_25,00.428,121,296,636
94,java 1.8.0_25,00.424,121,286,644
95,java 1.8.0_25,00.424,121,285,653
96,java 1.8.0_25,00.444,121,282,663
97,java 1.8.0_25,00.442,121,297,663
98,java 1.8.0_25,00.431,121,294,672
99,java 1.8.0_25,00.438,121,296,683
100,java 1.8.0_25,00.484,121,302,688
101,java 1.8.0_25,00.491,121,298,695
102,java 1.8.0_25,00.456,121,308,702
103,java 1.8.0_25,00.535,121,328,708
104,java 1.8.0_25,00.493,121,304,713
105,java 1.8.0_25,00.470,121,303,723
106,java 1.8.0_25,00.475,121,319,729
107,java 1.8.0_25,00.477,121,330,734
108,java 1.8.0_25,00.494,121,337,744
109,java 1.8.0_25,00.428,121,329,755
110,java 1.8.0_25,00.449,121,315,761
111,java 1.8.0_25,00.474,121,336,764
112,java 1.8.0_25,00.486,121,338,773
113,java 1.8.0_25,00.462,121,328,787
114,java 1.8.0_25,00.485,121,357,799
115,java 1.8.0_25,00.452,121,335,795
116,java 1.8.0_25,00.480,121,339,808
117,java 1.8.0_25,00.557,121,338,818
118,java 1.8.0_25,00.499,121,346,824
119,java 1.8.0_25,00.515,121,347,829
120,java 1.8.0_25,00.470,121,340,833
121,java 1.8.0_25,00.494,121,345,844
122,java 1.8.0_25,00.495,121,371,852
123,java 1.8.0_25,00.474,121,363,862
124,java 1.8.0_25,00.476,121,346,873
125,java 1.8.0_25,00.481,121,375,876
126,java 1.8.0_25,00.470,121,370,883
127,java 1.8.0_25,00.536,121,379,892
128,java 1.8.0_25,00.529,121,385,894
129,java 1.8.0_25,00.531,121,363,904
130,java 1.8.0_25,00.527,121,378,908
131,java 1.8.0_25,00.535,121,396,921
132,java 1.8.0_25,00.532,121,377,926
133,java 1.8.0_25,00.617,121,385,931
134,java 1.8.0_25,00.627,121,397,942
135,java 1.8.0_25,00.707,121,410,940
136,java 1.8.0_25,00.627,121,378,952
137,java 1.8.0_25,00.633,121,405,961
138,java 1.8.0_25,00.562,121,409,964
139,java 1.8.0_25,00.665,121,412,981
140,java 1.8.0_25,01.152,121,422,977
141,java 1.8.0_25,00.545,121,412,987
142,java 1.8.0_25,00.511,121,408,992
143,java 1.8.0_25,00.483,121,416,1004
144,java 1.8.0_25,00.488,121,415,1010
145,java 1.8.0_25,00.453,121,423,1016
146,java 1.8.0_25,00.458,121,436,1028
147,java 1.8.0_25,00.409,121,436,1029
148,java 1.8.0_25,00.413,121,466,1041
149,java 1.8.0_25,00.528,121,436,1040
150,java 1.8.0_25,00.728,121,452,1048
151,java 1.8.0_25,00.698,121,456,1052
152,java 1.8.0_25,00.700,121,459,1062
153,java 1.8.0_25,00.479,121,460,1066
154,java 1.8.0_25,00.469,121,447,1080
155,java 1.8.0_25,00.529,121,446,1086
156,java 1.8.0_25,00.437,121,472,1080
157,java 1.8.0_25,00.520,121,474,1093
158,java 1.8.0_25,00.548,121,466,1098
159,java 1.8.0_25,00.591,121,479,1100
160,java 1.8.0_25,00.567,121,455,1115
161,java 1.8.0_25,00.552,121,475,1116
162,java 1.8.0_25,00.450,121,467,1127
163,java 1.8.0_25,00.392,124,477,1138
164,java 1.8.0_25,00.422,127,487,1147
165,java 1.8.0_25,00.399,130,493,1160
166,java 1.8.0_25,00.393,133,501,1174
167,java 1.8.0_25,00.402,136,482,1173
168,java 1.8.0_25,00.396,139,496,1191
169,java 1.8.0_25,00.396,142,508,1202
170,java 1.8.0_25,00.395,145,516,1211
171,java 1.8.0_25,00.372,148,514,1223
172,java 1.8.0_25,00.372,151,549,1237
173,java 1.8.0_25,00.381,154,525,1251
174,java 1.8.0_25,00.390,157,532,1273
175,java 1.8.0_25,00.372,160,546,1278
176,java 1.8.0_25,00.373,163,557,1287
177,java 1.8.0_25,00.379,166,549,1301
178,java 1.8.0_25,00.387,169,563,1306
179,java 1.8.0_25,00.389,172,573,1326
180,java 1.8.0_25,00.398,175,569,1335
181,java 1.8.0_25,00.373,178,602,1345
182,java 1.8.0_25,00.374,181,581,1357
183,java 1.8.0_25,00.373,184,590,1367
184,java 1.8.0_25,00.377,187,571,1381
185,java 1.8.0_25,00.378,190,612,1397
186,java 1.8.0_25,00.368,193,628,1406
187,java 1.8.0_25,00.398,196,601,1405
188,java 1.8.0_25,00.388,199,615,1419
189,java 1.8.0_25,00.410,202,613,1432
190,java 1.8.0_25,00.452,205,632,1436
191,java 1.8.0_25,00.577,208,638,1453
192,java 1.8.0_25,00.666,211,654,1464
193,java 1.8.0_25,00.670,214,668,1479
194,java 1.8.0_25,00.674,217,656,1499
195,java 1.8.0_25,00.642,220,651,1503
196,java 1.8.0_25,00.681,223,649,1511
197,java 1.8.0_25,00.631,226,696,1526
198,java 1.8.0_25,00.614,229,710,1535
199,java 1.8.0_25,00.674,232,668,1545
200,java 1.8.0_25,00.677,235,696,1566
201,java 1.8.0_25,00.621,238,691,1569
202,java 1.8.0_25,00.612,241,711,1584
203,java 1.8.0_25,00.523,244,703,1601
204,java 1.8.0_25,00.459,247,706,1615
205,java 1.8.0_25,00.585,250,687,1623
206,java 1.8.0_25,00.473,253,716,1630
207,java 1.8.0_25,00.451,256,718,1642
208,java 1.8.0_25,00.504,259,731,1653
209,java 1.8.0_25,00.456,262,734,1666
210,java 1.8.0_25,00.453,265,759,1678
211,java 1.8.0_25,00.657,268,743,1696
212,java 1.8.0_25,00.562,271,754,1697
213,java 1.8.0_25,00.721,274,758,1706
214,java 1.8.0_25,00.520,277,781,1720
215,java 1.8.0_25,00.622,280,759,1731
216,java 1.8.0_25,00.662,283,796,1736
217,java 1.8.0_25,00.575,286,754,1751
218,java 1.8.0_25,00.608,289,775,1769
219,java 1.8.0_25,00.535,292,780,1775
220,java 1.8.0_25,00.626,295,801,1790
221,java 1.8.0_25,00.614,298,809,1804
222,java 1.8.0_25,00.565,301,797,1807
223,java 1.8.0_25,00.502,304,798,1819
224,java 1.8.0_25,00.535,307,796,1832
225,java 1.8.0_25,00.534,310,844,1840
226,java 1.8.0_25,00.485,313,813,1852
227,java 1.8.0_25,00.460,316,821,1862
228,java 1.8.0_25,00.490,319,844,1875
229,java 1.8.0_25,00.499,322,835,1884
230,java 1.8.0_25,00.493,325,851,1897
231,java 1.8.0_25,00.430,328,839,1908
232,java 1.8.0_25,00.436,331,855,1914
233,java 1.8.0_25,00.440,334,859,1926
234,java 1.8.0_25,00.524,337,871,1937
235,java 1.8.0_25,00.563,340,895,1945
236,java 1.8.0_25,00.534,343,888,1957
237,java 1.8.0_25,00.519,346,890,1968
238,java 1.8.0_25,00.609,349,902,1975
239,java 1.8.0_25,00.553,352,893,1987
240,java 1.8.0_25,00.514,355,912,1997
241,java 1.8.0_25,00.482,358,913,2006
242,java 1.8.0_25,00.464,361,937,2016
243,java 1.8.0_25,00.448,364,924,2025
244,java 1.8.0_25,00.423,364,940,2036
245,java 1.8.0_25,00.412,364,933,2046
246,java 1.8.0_25,00.520,364,950,2055
247,java 1.8.0_25,00.462,364,934,2067
248,java 1.8.0_25,00.505,364,961,2076
249,java 1.8.0_25,00.485,364,954,2087
250,java 1.8.0_25,00.473,364,958,2094
251,java 1.8.0_25,00.491,364,951,2102
252,java 1.8.0_25,00.495,364,959,2114
253,java 1.8.0_25,00.467,364,941,2124
254,java 1.8.0_25,00.482,364,960,2134
255,java 1.8.0_25,00.457,364,955,2147
256,java 1.8.0_25,00.481,364,964,2156
257,java 1.8.0_25,00.464,364,986,2164
258,java 1.8.0_25,00.493,364,950,2177
259,java 1.8.0_25,00.549,364,976,2184
260,java 1.8.0_25,00.563,364,1021,2193
261,java 1.8.0_25,00.568,364,975,2201
262,java 1.8.0_25,00.472,364,995,2214
263,java 1.8.0_25,00.427,364,1021,2220
264,java 1.8.0_25,00.418,364,1015,2233
265,java 1.8.0_25,00.404,364,1011,2239
266,java 1.8.0_25,00.400,364,996,2245
267,java 1.8.0_25,00.390,364,1016,2256
268,java 1.8.0_25,00.391,364,1008,2265
269,java 1.8.0_25,00.401,364,1035,2274
270,java 1.8.0_25,00.430,364,993,2284
271,java 1.8.0_25,00.423,364,1031,2296
272,java 1.8.0_25,00.403,364,1011,2302
273,java 1.8.0_25,00.437,364,1049,2309
274,java 1.8.0_25,00.467,364,1029,2317
275,java 1.8.0_25,00.452,364,1050,2333
276,java 1.8.0_25,00.444,364,1034,2339
277,java 1.8.0_25,00.463,364,1037,2359
278,java 1.8.0_25,00.476,364,1048,2364
279,java 1.8.0_25,00.487,364,1058,2374
280,java 1.8.0_25,00.595,364,1035,2382
281,java 1.8.0_25,00.533,364,1039,2393
282,java 1.8.0_25,00.623,364,1066,2404
283,java 1.8.0_25,00.548,364,1037,2413
284,java 1.8.0_25,00.580,364,1073,2419
285,java 1.8.0_25,00.559,364,1071,2430
286,java 1.8.0_25,00.566,364,1057,2441
287,java 1.8.0_25,00.584,364,1073,2449
288,java 1.8.0_25,00.514,364,1069,2457
289,java 1.8.0_25,00.510,364,1070,2470
290,java 1.8.0_25,00.590,364,1082,2472
291,java 1.8.0_25,00.708,364,1070,2488
292,java 1.8.0_25,00.708,364,1095,2495
293,java 1.8.0_25,00.598,364,1113,2506
294,java 1.8.0_25,00.556,364,1118,2522
295,java 1.8.0_25,00.536,364,1103,2520
296,java 1.8.0_25,00.458,364,1128,2527
297,java 1.8.0_25,00.489,364,1108,2531
298,java 1.8.0_25,00.565,364,1120,2546
299,java 1.8.0_25,00.456,364,1071,2561
300,java 1.8.0_25,00.424,364,1091,2556
301,java 1.8.0_25,00.441,364,1127,2571
302,java 1.8.0_25,00.441,364,1099,2585
303,java 1.8.0_25,00.427,364,1119,2588
304,java 1.8.0_25,00.433,364,1105,2606
305,java 1.8.0_25,00.471,364,1093,2601
306,java 1.8.0_25,00.463,364,1153,2618
307,java 1.8.0_25,00.436,364,1102,2624
308,java 1.8.0_25,00.502,364,1162,2635
309,java 1.8.0_25,00.467,364,1129,2648
310,java 1.8.0_25,00.477,364,1159,2651
311,java 1.8.0_25,00.493,364,1162,2668
312,java 1.8.0_25,00.480,364,1121,2674
313,java 1.8.0_25,00.481,364,1133,2679
314,java 1.8.0_25,00.480,364,1165,2685
315,java 1.8.0_25,00.462,364,1174,2694
316,java 1.8.0_25,00.453,364,1157,2705
317,java 1.8.0_25,00.480,364,1143,2706
318,java 1.8.0_25,00.493,364,1165,2719
319,java 1.8.0_25,00.466,364,1167,2731
320,java 1.8.0_25,00.507,364,1157,2727
321,java 1.8.0_25,00.530,364,1172,2741
322,java 1.8.0_25,00.582,364,1217,2747
323,java 1.8.0_25,00.588,364,1174,2761
324,java 1.8.0_25,00.495,364,1189,2766
325,java 1.8.0_25,00.443,364,1162,2779
326,java 1.8.0_25,00.419,364,1181,2787
327,java 1.8.0_25,00.387,364,1180,2797
328,java 1.8.0_25,00.387,364,1218,2808
329,java 1.8.0_25,00.384,364,1190,2819
330,java 1.8.0_25,00.395,364,1224,2821
331,java 1.8.0_25,00.390,364,1223,2835
332,java 1.8.0_25,00.386,364,1230,2851
333,java 1.8.0_25,00.398,364,1212,2862
334,java 1.8.0_25,00.437,364,1213,2870
335,java 1.8.0_25,00.490,364,1240,2877
336,java 1.8.0_25,00.698,364,1218,2887
337,java 1.8.0_25,00.712,364,1264,2885
338,java 1.8.0_25,00.610,364,1240,2908
339,java 1.8.0_25,00.531,364,1253,2916
340,java 1.8.0_25,00.445,364,1205,2923
341,java 1.8.0_25,00.456,364,1262,2929
342,java 1.8.0_25,00.449,364,1267,2951
343,java 1.8.0_25,00.600,364,1268,2955
344,java 1.8.0_25,00.588,364,1232,2965
345,java 1.8.0_25,00.488,364,1271,2976
346,java 1.8.0_25,00.549,364,1251,2993
347,java 1.8.0_25,00.560,364,1244,2988
348,java 1.8.0_25,00.680,364,1243,2996
349,java 1.8.0_25,00.572,364,1291,3012
350,java 1.8.0_25,00.509,364,1281,3016
351,java 1.8.0_25,00.502,364,1278,3022
352,java 1.8.0_25,00.525,364,1268,3035
353,java 1.8.0_25,00.518,364,1306,3049
354,java 1.8.0_25,00.540,364,1331,3053
355,java 1.8.0_25,00.654,364,1277,3060
356,java 1.8.0_25,00.574,364,1291,3080
357,java 1.8.0_25,00.585,364,1326,3084
358,java 1.8.0_25,00.605,364,1318,3093
359,java 1.8.0_25,00.781,364,1296,3093
360,java 1.8.0_25,01.303,364,1324,3116
361,java 1.8.0_25,00.743,364,1320,3130
362,java 1.8.0_25,00.657,364,1312,3127
363,java 1.8.0_25,00.529,364,1312,3142
364,java 1.8.0_25,00.482,364,1329,3156
365,java 1.8.0_25,00.851,364,1326,3171
366,java 1.8.0_25,00.994,364,1330,3176
367,java 1.8.0_25,01.280,364,1352,3182
368,java 1.8.0_25,00.816,364,1332,3190
369,java 1.8.0_25,00.832,364,1358,3203
370,java 1.8.0_25,00.877,364,1358,3214
371,java 1.8.0_25,00.783,364,1356,3219
372,java 1.8.0_25,00.716,364,1336,3217
373,java 1.8.0_25,00.617,364,1374,3240
374,java 1.8.0_25,00.502,364,1366,3248
375,java 1.8.0_25,00.570,364,1357,3263
376,java 1.8.0_25,00.560,364,1332,3268
377,java 1.8.0_25,00.514,364,1345,3278
378,java 1.8.0_25,00.621,364,1375,3275
379,java 1.8.0_25,00.652,364,1372,3286
380,java 1.8.0_25,00.573,364,1343,3300
381,java 1.8.0_25,00.544,364,1363,3308
382,java 1.8.0_25,00.504,364,1344,3317
383,java 1.8.0_25,00.460,364,1393,3327
384,java 1.8.0_25,00.487,364,1410,3328
385,java 1.8.0_25,00.469,364,1411,3342
386,java 1.8.0_25,00.450,364,1421,3345
387,java 1.8.0_25,00.568,364,1443,3371
388,java 1.8.0_25,00.713,364,1384,3363
389,java 1.8.0_25,00.772,364,1404,3380
390,java 1.8.0_25,00.705,364,1394,3388
391,java 1.8.0_25,00.923,364,1419,3402
392,java 1.8.0_25,00.868,364,1407,3407
393,java 1.8.0_25,00.786,364,1402,3421
394,java 1.8.0_25,00.600,364,1417,3426
395,java 1.8.0_25,00.426,364,1447,3440
396,java 1.8.0_25,00.439,364,1392,3429
397,java 1.8.0_25,00.520,364,1404,3454
398,java 1.8.0_25,00.632,364,1421,3453
399,java 1.8.0_25,00.685,364,1429,3467
400,java 1.8.0_25,00.531,364,1458,3458
401,java 1.8.0_25,00.538,364,1464,3483
402,java 1.8.0_25,00.548,364,1413,3484
403,java 1.8.0_25,00.610,364,1473,3503
404,java 1.8.0_25,00.546,364,1474,3496
405,java 1.8.0_25,00.887,364,1455,3511
406,java 1.8.0_25,00.588,364,1450,3519
407,java 1.8.0_25,00.556,364,1474,3529
408,java 1.8.0_25,00.676,364,1473,3532
409,java 1.8.0_25,00.714,364,1495,3547
410,java 1.8.0_25,00.601,364,1478,3554
411,java 1.8.0_25,00.613,364,1496,3574
412,java 1.8.0_25,00.613,364,1493,3575
413,java 1.8.0_25,00.473,364,1497,3576
414,java 1.8.0_25,00.471,364,1489,3604
415,java 1.8.0_25,00.490,364,1495,3601
416,java 1.8.0_25,00.531,364,1525,3606
417,java 1.8.0_25,00.477,364,1504,3620
418,java 1.8.0_25,00.518,364,1522,3618
419,java 1.8.0_25,00.699,364,1524,3634
420,java 1.8.0_25,00.732,364,1496,3647
421,java 1.8.0_25,00.585,364,1507,3647
422,java 1.8.0_25,00.598,364,1489,3654
423,java 1.8.0_25,01.318,364,1553,3671
424,java 1.8.0_25,01.215,364,1566,3673
425,java 1.8.0_25,01.016,364,1516,3672
426,java 1.8.0_25,00.544,364,1526,3690
427,java 1.8.0_25,00.524,364,1563,3708
428,java 1.8.0_25,00.663,364,1529,3707
429,java 1.8.0_25,00.738,364,1495,3719
430,java 1.8.0_25,00.661,364,1547,3712
431,java 1.8.0_25,00.590,364,1559,3729
432,java 1.8.0_25,00.575,364,1528,3735
433,java 1.8.0_25,00.470,364,1543,3747
434,java 1.8.0_25,00.473,364,1576,3752
435,java 1.8.0_25,00.486,364,1562,3761
436,java 1.8.0_25,00.461,364,1556,3778
437,java 1.8.0_25,00.423,364,1601,3790
438,java 1.8.0_25,00.452,364,1577,3794
439,java 1.8.0_25,00.461,364,1613,3797
440,java 1.8.0_25,00.508,364,1575,3810
441,java 1.8.0_25,00.470,364,1583,3820
442,java 1.8.0_25,00.457,364,1574,3824
443,java 1.8.0_25,00.473,364,1579,3840
444,java 1.8.0_25,00.452,364,1617,3847
445,java 1.8.0_25,00.564,364,1604,3860
446,java 1.8.0_25,00.480,364,1612,3865
447,java 1.8.0_25,00.556,364,1584,3873
448,java 1.8.0_25,00.579,364,1605,3888
449,java 1.8.0_25,00.469,364,1616,3898
450,java 1.8.0_25,00.484,364,1646,3902
451,java 1.8.0_25,00.458,364,1609,3908
452,java 1.8.0_25,00.513,364,1624,3921
453,java 1.8.0_25,00.528,364,1582,3919
454,java 1.8.0_25,00.482,364,1602,3936
455,java 1.8.0_25,00.432,364,1623,3938
456,java 1.8.0_25,00.427,364,1647,3950
457,java 1.8.0_25,00.462,364,1621,3956
458,java 1.8.0_25,00.457,364,1625,3967
459,java 1.8.0_25,00.471,364,1629,3945
460,java 1.8.0_25,00.435,364,1624,3969
461,java 1.8.0_25,00.479,364,1655,3988
462,java 1.8.0_25,00.493,364,1627,3994
463,java 1.8.0_25,00.530,364,1675,3999
464,java 1.8.0_25,00.506,364,1638,4018
465,java 1.8.0_25,00.652,364,1674,4023
466,java 1.8.0_25,01.153,364,1673,4026
467,java 1.8.0_25,00.777,364,1654,4039
468,java 1.8.0_25,00.841,364,1660,4043
469,java 1.8.0_25,00.771,364,1689,4060
470,java 1.8.0_25,00.863,364,1680,4046
471,java 1.8.0_25,00.944,364,1670,4060
472,java 1.8.0_25,00.882,364,1662,4076
473,java 1.8.0_25,00.753,364,1696,4079
474,java 1.8.0_25,00.924,364,1691,4091
475,java 1.8.0_25,01.759,364,1744,4091
476,java 1.8.0_25,02.265,364,1726,4092
477,java 1.8.0_25,01.635,364,1696,4127
478,java 1.8.0_25,01.214,364,1703,4116
479,java 1.8.0_25,00.747,364,1725,4122
480,java 1.8.0_25,00.788,364,1700,4135
481,java 1.8.0_25,00.764,364,1762,4144
482,java 1.8.0_25,01.255,364,1712,4151
483,java 1.8.0_25,01.175,364,1718,4152
484,java 1.8.0_25,01.586,364,1727,4143
485,java 1.8.0_25,01.222,364,1752,4167
486,java 1.8.0_25,00.909,364,1779,4174
487,java 1.8.0_25,01.235,367,1762,4187
488,java 1.8.0_25,00.845,370,1743,4191
489,java 1.8.0_25,00.864,373,1795,4221
490,java 1.8.0_25,00.795,376,1746,4242
491,java 1.8.0_25,00.661,379,1717,4246
492,java 1.8.0_25,00.604,382,1805,4261
493,java 1.8.0_25,00.534,385,1803,4272
494,java 1.8.0_25,00.490,388,1798,4298
495,java 1.8.0_25,00.420,391,1780,4290
496,java 1.8.0_25,00.443,394,1812,4309
497,java 1.8.0_25,00.460,397,1790,4334
498,java 1.8.0_25,00.419,400,1748,4322
499,java 1.8.0_25,00.443,403,1829,4359
500,java 1.8.0_25,00.432,406,1780,4366
501,java 1.8.0_25,00.477,409,1856,4382
502,java 1.8.0_25,00.490,412,1826,4400
503,java 1.8.0_25,00.508,415,1843,4421
504,java 1.8.0_25,00.687,418,1852,4411
505,java 1.8.0_25,00.913,421,1873,4434
506,java 1.8.0_25,00.635,424,1912,4443
507,java 1.8.0_25,00.494,427,1884,4457
508,java 1.8.0_25,00.475,430,1940,4473
509,java 1.8.0_25,00.460,433,1888,4479
510,java 1.8.0_25,00.403,436,1860,4501
511,java 1.8.0_25,00.415,439,1886,4515
512,java 1.8.0_25,00.515,442,1891,4517
513,java 1.8.0_25,00.455,445,1910,4538
514,java 1.8.0_25,00.440,448,1887,4564
515,java 1.8.0_25,00.432,451,1883,4551
516,java 1.8.0_25,00.472,454,1924,4584
517,java 1.8.0_25,00.420,457,1891,4597
518,java 1.8.0_25,00.403,460,1960,4597
519,java 1.8.0_25,00.395,463,1925,4615
520,java 1.8.0_25,00.418,466,1941,4635
521,java 1.8.0_25,00.667,469,1956,4642
522,java 1.8.0_25,01.103,472,1963,4656
523,java 1.8.0_25,00.859,475,2004,4673
524,java 1.8.0_25,00.495,478,1997,4689
525,java 1.8.0_25,00.494,481,1982,4710
526,java 1.8.0_25,00.498,484,2020,4721
527,java 1.8.0_25,00.540,487,2016,4738
528,java 1.8.0_25,00.487,490,2012,4756
529,java 1.8.0_25,00.447,493,2004,4745
530,java 1.8.0_25,00.439,496,1990,4776
531,java 1.8.0_25,00.479,499,2022,4780
532,java 1.8.0_25,00.419,502,2011,4803
533,java 1.8.0_25,00.438,505,2010,4805
534,java 1.8.0_25,00.446,508,2034,4827
535,java 1.8.0_25,00.409,511,2037,4835
536,java 1.8.0_25,00.453,514,2054,4839
537,java 1.8.0_25,00.425,517,2093,4867
538,java 1.8.0_25,00.395,520,2060,4885
539,java 1.8.0_25,00.436,523,2064,4891
540,java 1.8.0_25,00.436,526,2101,4899
541,java 1.8.0_25,00.430,529,2057,4902
542,java 1.8.0_25,00.423,532,2093,4930
543,java 1.8.0_25,00.601,535,2108,4933
544,java 1.8.0_25,00.672,538,2149,4946
545,java 1.8.0_25,00.495,541,2089,4963
546,java 1.8.0_25,00.514,544,2089,4977
547,java 1.8.0_25,00.473,547,2154,4998
548,java 1.8.0_25,00.430,550,2115,4995
549,java 1.8.0_25,00.438,553,2128,5026
550,java 1.8.0_25,00.448,556,2195,5025
551,java 1.8.0_25,00.427,559,2146,5045
552,java 1.8.0_25,00.414,562,2146,5065
553,java 1.8.0_25,00.408,565,2174,5056
554,java 1.8.0_25,00.512,568,2199,5084
555,java 1.8.0_25,00.433,571,2169,5091
556,java 1.8.0_25,00.431,574,2168,5109
557,java 1.8.0_25,00.504,577,2168,5112
558,java 1.8.0_25,00.424,580,2212,5133
559,java 1.8.0_25,00.424,583,2213,5139
560,java 1.8.0_25,00.482,586,2163,5157
561,java 1.8.0_25,00.416,589,2190,5166
562,java 1.8.0_25,00.458,592,2243,5192
563,java 1.8.0_25,00.423,595,2202,5207
564,java 1.8.0_25,00.449,598,2244,5214
565,java 1.8.0_25,00.433,601,2211,5219
566,java 1.8.0_25,00.431,604,2253,5237
567,java 1.8.0_25,00.486,607,2248,5237
568,java 1.8.0_25,00.510,610,2220,5257
569,java 1.8.0_25,00.483,613,2271,5262
570,java 1.8.0_25,00.618,616,2242,5276
571,java 1.8.0_25,00.606,619,2269,5301
572,java 1.8.0_25,00.918,622,2273,5299
573,java 1.8.0_25,00.803,625,2266,5326
574,java 1.8.0_25,00.583,628,2274,5343
575,java 1.8.0_25,00.455,631,2271,5351
576,java 1.8.0_25,00.458,634,2280,5370
577,java 1.8.0_25,00.458,637,2300,5382
578,java 1.8.0_25,00.428,640,2276,5379
579,java 1.8.0_25,00.438,643,2329,5408
580,java 1.8.0_25,00.537,646,2298,5413
581,java 1.8.0_25,00.447,649,2351,5438
582,java 1.8.0_25,00.659,652,2330,5447
583,java 1.8.0_25,00.629,655,2326,5463
584,java 1.8.0_25,00.679,658,2349,5481
585,java 1.8.0_25,00.837,661,2370,5482
586,java 1.8.0_25,00.918,664,2374,5494
587,java 1.8.0_25,00.849,667,2372,5520
588,java 1.8.0_25,00.883,670,2370,5523
589,java 1.8.0_25,00.812,673,2359,5545
590,java 1.8.0_25,00.737,676,2401,5554
591,java 1.8.0_25,00.857,679,2355,5562
592,java 1.8.0_25,00.654,682,2399,5574
593,java 1.8.0_25,00.628,685,2480,5583
594,java 1.8.0_25,00.780,688,2400,5604
595,java 1.8.0_25,00.889,691,2400,5621
596,java 1.8.0_25,00.772,694,2470,5623
597,java 1.8.0_25,00.603,697,2435,5658
598,java 1.8.0_25,00.863,700,2477,5657
599,java 1.8.0_25,00.961,703,2437,5684
600,java 1.8.0_25,00.687,706,2414,5687
601,java 1.8.0_25,00.792,709,2418,5700
602,java 1.8.0_25,00.751,712,2436,5725
603,java 1.8.0_25,00.830,715,2428,5742
604,java 1.8.0_25,00.576,718,2502,5744
605,java 1.8.0_25,00.757,721,2474,5762
606,java 1.8.0_25,00.880,724,2510,5766
607,java 1.8.0_25,00.782,727,2502,5778
608,java 1.8.0_25,00.537,730,2528,5801
609,java 1.8.0_25,00.480,733,2433,5814
610,java 1.8.0_25,00.438,736,2528,5834
611,java 1.8.0_25,00.438,739,2514,5846
612,java 1.8.0_25,00.433,742,2544,5852
613,java 1.8.0_25,00.448,745,2514,5865
614,java 1.8.0_25,00.436,748,2527,5877
615,java 1.8.0_25,00.452,751,2566,5891
616,java 1.8.0_25,00.400,754,2560,5905
617,java 1.8.0_25,00.433,757,2576,5928
618,java 1.8.0_25,00.432,760,2552,5933
619,java 1.8.0_25,00.426,763,2631,5948
620,java 1.8.0_25,00.397,766,2556,5950
621,java 1.8.0_25,00.434,769,2556,5967
622,java 1.8.0_25,00.448,772,2610,5979
623,java 1.8.0_25,00.440,775,2650,5991
624,java 1.8.0_25,00.481,778,2639,6002
625,java 1.8.0_25,00.425,781,2653,6014
626,java 1.8.0_25,00.446,784,2623,6039
627,java 1.8.0_25,00.432,787,2574,6030
628,java 1.8.0_25,00.415,790,2624,6053
629,java 1.8.0_25,00.399,793,2615,6077
630,java 1.8.0_25,00.397,796,2675,6083
631,java 1.8.0_25,00.440,799,2690,6089
632,java 1.8.0_25,00.394,802,2652,6106
633,java 1.8.0_25,00.479,805,2654,6125
634,java 1.8.0_25,00.402,808,2662,6142
635,java 1.8.0_25,00.436,811,2657,6141
636,java 1.8.0_25,00.399,814,2674,6164
637,java 1.8.0_25,00.437,817,2664,6171
638,java 1.8.0_25,00.437,820,2704,6187
639,java 1.8.0_25,00.431,823,2721,6194
640,java 1.8.0_25,00.435,826,2683,6216
641,java 1.8.0_25,00.427,829,2699,6218
642,java 1.8.0_25,00.425,832,2710,6233
643,java 1.8.0_25,00.427,835,2723,6250
644,java 1.8.0_25,00.428,838,2722,6261
645,java 1.8.0_25,00.419,841,2740,6270
646,java 1.8.0_25,00.423,844,2766,6283
647,java 1.8.0_25,00.431,847,2811,6290
648,java 1.8.0_25,00.401,850,2768,6304
649,java 1.8.0_25,00.413,853,2739,6315
650,java 1.8.0_25,00.399,856,2826,6324
651,java 1.8.0_25,00.417,859,2784,6341
652,java 1.8.0_25,00.403,862,2779,6355
653,java 1.8.0_25,00.421,865,2802,6377
654,java 1.8.0_25,00.391,868,2757,6382
655,java 1.8.0_25,00.426,871,2756,6390
656,java 1.8.0_25,00.408,874,2811,6412
657,java 1.8.0_25,00.420,877,2790,6426
658,java 1.8.0_25,00.404,880,2848,6431
659,java 1.8.0_25,00.397,883,2797,6449
660,java 1.8.0_25,00.400,886,2840,6456
661,java 1.8.0_25,00.403,889,2866,6480
662,java 1.8.0_25,00.403,892,2866,6485
663,java 1.8.0_25,00.437,895,2858,6502
664,java 1.8.0_25,00.398,898,2834,6511
665,java 1.8.0_25,00.404,901,2842,6528
666,java 1.8.0_25,00.420,904,2867,6533
667,java 1.8.0_25,00.399,907,2908,6550
668,java 1.8.0_25,00.406,910,2825,6555
669,java 1.8.0_25,00.392,913,2890,6576
670,java 1.8.0_25,00.413,916,2913,6581
671,java 1.8.0_25,00.396,919,2895,6602
672,java 1.8.0_25,00.458,922,2894,6609
673,java 1.8.0_25,00.400,925,2912,6623
674,java 1.8.0_25,00.433,928,2922,6635
675,java 1.8.0_25,00.419,931,2923,6646
676,java 1.8.0_25,00.398,934,2925,6658
677,java 1.8.0_25,00.382,937,2952,6673
678,java 1.8.0_25,00.398,940,2914,6679
679,java 1.8.0_25,00.402,943,2941,6694
680,java 1.8.0_25,00.403,946,2986,6713
681,java 1.8.0_25,00.411,949,2971,6720
682,java 1.8.0_25,00.411,952,2935,6731
683,java 1.8.0_25,00.384,955,3001,6750
684,java 1.8.0_25,00.404,958,3001,6763
685,java 1.8.0_25,00.419,961,3011,6764
686,java 1.8.0_25,00.409,964,2969,6784
687,java 1.8.0_25,00.392,967,2990,6801
688,java 1.8.0_25,00.407,970,3030,6812
689,java 1.8.0_25,00.424,973,3059,6830
690,java 1.8.0_25,00.425,976,2969,6841
691,java 1.8.0_25,00.496,979,3072,6850
692,java 1.8.0_25,00.418,982,3039,6862
693,java 1.8.0_25,00.417,985,3077,6871
694,java 1.8.0_25,00.397,988,3099,6885
695,java 1.8.0_25,00.421,991,3046,6895
696,java 1.8.0_25,00.393,994,3054,6908
697,java 1.8.0_25,00.433,997,3037,6924
698,java 1.8.0_25,00.415,1000,3078,6940
699,java 1.8.0_25,00.430,1003,3053,6947
700,java 1.8.0_25,00.428,1006,3112,6954
701,java 1.8.0_25,00.477,1009,3058,6971
702,java 1.8.0_25,00.418,1012,3133,6980
703,java 1.8.0_25,00.421,1015,3096,6991
704,java 1.8.0_25,00.397,1018,3140,7005
705,java 1.8.0_25,00.405,1021,3159,7018
706,java 1.8.0_25,00.459,1024,3131,7029
707,java 1.8.0_25,00.399,1027,3158,7037
708,java 1.8.0_25,00.430,1030,3146,7058
709,java 1.8.0_25,00.443,1033,3142,7059
710,java 1.8.0_25,00.467,1036,3185,7077
711,java 1.8.0_25,00.423,1039,3155,7085
712,java 1.8.0_25,00.438,1042,3192,7100
713,java 1.8.0_25,00.411,1045,3191,7109
714,java 1.8.0_25,00.440,1048,3191,7122
715,java 1.8.0_25,00.409,1051,3202,7134
716,java 1.8.0_25,00.419,1054,3187,7148
717,java 1.8.0_25,00.473,1057,3216,7161
718,java 1.8.0_25,00.428,1060,3196,7169
719,java 1.8.0_25,00.454,1063,3192,7181
720,java 1.8.0_25,00.421,1066,3254,7190
721,java 1.8.0_25,00.438,1069,3176,7206
722,java 1.8.0_25,00.443,1072,3211,7216
723,java 1.8.0_25,00.417,1075,3209,7225
724,java 1.8.0_25,00.398,1078,3269,7237
725,java 1.8.0_25,00.421,1081,3285,7249
726,java 1.8.0_25,00.434,1084,3299,7260
727,java 1.8.0_25,00.423,1087,3256,7270
728,java 1.8.0_25,00.412,1090,3320,7281
729,java 1.8.0_25,00.417,1093,3293,7290
730,java 1.8.0_25,00.465,1093,3229,7303
731,java 1.8.0_25,00.456,1093,3249,7314
732,java 1.8.0_25,00.448,1093,3283,7325
733,java 1.8.0_25,00.419,1093,3331,7338
734,java 1.8.0_25,00.465,1093,3265,7353
735,java 1.8.0_25,00.426,1093,3307,7364
736,java 1.8.0_25,00.448,1093,3306,7375
737,java 1.8.0_25,00.454,1093,3322,7386
738,java 1.8.0_25,00.421,1093,3297,7394
739,java 1.8.0_25,00.482,1093,3311,7407
740,java 1.8.0_25,00.422,1093,3360,7421
741,java 1.8.0_25,00.454,1093,3306,7433
742,java 1.8.0_25,00.432,1093,3311,7446
743,java 1.8.0_25,00.452,1093,3342,7454
744,java 1.8.0_25,00.428,1093,3318,7469
745,java 1.8.0_25,00.439,1093,3327,7482
746,java 1.8.0_25,00.421,1093,3267,7491
747,java 1.8.0_25,00.448,1093,3382,7506
748,java 1.8.0_25,00.418,1093,3348,7517
749,java 1.8.0_25,00.460,1093,3390,7525
750,java 1.8.0_25,00.427,1093,3334,7533
751,java 1.8.0_25,00.452,1093,3363,7546
752,java 1.8.0_25,00.503,1093,3326,7558
753,java 1.8.0_25,00.426,1093,3376,7569
754,java 1.8.0_25,00.450,1093,3396,7582
755,java 1.8.0_25,00.422,1093,3358,7592
756,java 1.8.0_25,00.453,1093,3411,7598
757,java 1.8.0_25,00.430,1093,3391,7614
758,java 1.8.0_25,00.455,1093,3384,7630
759,java 1.8.0_25,00.428,1093,3389,7643
760,java 1.8.0_25,00.450,1093,3394,7648
761,java 1.8.0_25,00.461,1093,3420,7666
762,java 1.8.0_25,00.470,1093,3406,7675
763,java 1.8.0_25,00.428,1093,3397,7687
764,java 1.8.0_25,00.422,1093,3387,7703
765,java 1.8.0_25,00.501,1093,3413,7707
766,java 1.8.0_25,00.452,1093,3382,7714
767,java 1.8.0_25,00.466,1093,3418,7732
768,java 1.8.0_25,00.450,1093,3412,7743
769,java 1.8.0_25,00.466,1093,3439,7752
770,java 1.8.0_25,00.429,1093,3362,7773
771,java 1.8.0_25,00.460,1093,3395,7777
772,java 1.8.0_25,00.434,1093,3444,7794
773,java 1.8.0_25,00.445,1093,3469,7804
774,java 1.8.0_25,00.449,1093,3482,7813
775,java 1.8.0_25,00.455,1093,3466,7833
776,java 1.8.0_25,00.449,1093,3450,7833
777,java 1.8.0_25,00.447,1093,3463,7852
778,java 1.8.0_25,00.443,1093,3488,7861
779,java 1.8.0_25,00.446,1093,3462,7869
780,java 1.8.0_25,00.495,1093,3494,7886
781,java 1.8.0_25,00.442,1093,3501,7888
782,java 1.8.0_25,00.426,1093,3458,7904
783,java 1.8.0_25,00.443,1093,3482,7912
784,java 1.8.0_25,00.432,1093,3471,7930
785,java 1.8.0_25,00.450,1093,3483,7940
786,java 1.8.0_25,00.432,1093,3494,7946
787,java 1.8.0_25,00.450,1093,3497,7956
788,java 1.8.0_25,00.427,1093,3481,7966
789,java 1.8.0_25,00.447,1093,3526,7974
790,java 1.8.0_25,00.506,1093,3488,7990
791,java 1.8.0_25,00.458,1093,3484,7993
792,java 1.8.0_25,00.456,1093,3529,8018
793,java 1.8.0_25,00.458,1093,3536,8022
794,java 1.8.0_25,00.441,1093,3555,8030
795,java 1.8.0_25,00.557,1093,3527,8041
796,java 1.8.0_25,00.783,1093,3513,8042
797,java 1.8.0_25,00.617,1093,3521,8060
798,java 1.8.0_25,00.512,1093,3484,8081
799,java 1.8.0_25,00.533,1093,3573,8091
800,java 1.8.0_25,00.449,1093,3561,8097
801,java 1.8.0_25,00.495,1093,3531,8104
802,java 1.8.0_25,00.471,1093,3574,8124
803,java 1.8.0_25,00.463,1093,3557,8120
804,java 1.8.0_25,00.474,1093,3609,8135
805,java 1.8.0_25,00.455,1093,3520,8148
806,java 1.8.0_25,00.458,1093,3590,8155
807,java 1.8.0_25,00.470,1093,3549,8164
808,java 1.8.0_25,00.468,1093,3571,8171
809,java 1.8.0_25,00.484,1093,3627,8179
810,java 1.8.0_25,00.441,1093,3573,8194
811,java 1.8.0_25,00.455,1093,3581,8198
812,java 1.8.0_25,00.472,1093,3610,8217
813,java 1.8.0_25,00.448,1093,3593,8225
814,java 1.8.0_25,00.536,1093,3572,8248
815,java 1.8.0_25,00.444,1093,3615,8251
816,java 1.8.0_25,00.471,1093,3654,8267
817,java 1.8.0_25,00.461,1093,3620,8284
818,java 1.8.0_25,00.454,1093,3611,8286
819,java 1.8.0_25,00.458,1093,3585,8293
820,java 1.8.0_25,00.423,1093,3623,8320
821,java 1.8.0_25,00.470,1093,3665,8317
822,java 1.8.0_25,00.456,1093,3614,8337
823,java 1.8.0_25,00.503,1093,3606,8344
824,java 1.8.0_25,00.429,1093,3626,8368
825,java 1.8.0_25,00.454,1093,3671,8375
826,java 1.8.0_25,00.447,1093,3649,8388
827,java 1.8.0_25,00.425,1093,3653,8397
828,java 1.8.0_25,00.471,1093,3698,8417
829,java 1.8.0_25,00.457,1093,3659,8420
830,java 1.8.0_25,00.451,1093,3670,8429
831,java 1.8.0_25,00.451,1093,3697,8439
832,java 1.8.0_25,00.429,1093,3698,8458
833,java 1.8.0_25,00.452,1093,3626,8472
834,java 1.8.0_25,00.450,1093,3624,8469
835,java 1.8.0_25,00.452,1093,3707,8493
836,java 1.8.0_25,00.449,1093,3710,8490
837,java 1.8.0_25,00.423,1093,3690,8505
838,java 1.8.0_25,00.449,1093,3718,8517
839,java 1.8.0_25,00.443,1093,3709,8534
840,java 1.8.0_25,00.448,1093,3701,8545
841,java 1.8.0_25,00.449,1093,3715,8549
842,java 1.8.0_25,00.470,1093,3721,8561
843,java 1.8.0_25,00.426,1093,3729,8585
844,java 1.8.0_25,00.448,1093,3717,8589
845,java 1.8.0_25,00.449,1093,3751,8601
846,java 1.8.0_25,00.447,1093,3698,8606
847,java 1.8.0_25,00.427,1093,3704,8617
848,java 1.8.0_25,00.467,1093,3783,8641
849,java 1.8.0_25,00.447,1093,3743,8653
850,java 1.8.0_25,00.475,1093,3752,8662
851,java 1.8.0_25,00.422,1093,3766,8673
852,java 1.8.0_25,00.459,1093,3754,8679
853,java 1.8.0_25,00.448,1093,3714,8688
854,java 1.8.0_25,00.446,1093,3738,8703
855,java 1.8.0_25,00.437,1093,3697,8717
856,java 1.8.0_25,00.429,1093,3744,8723
857,java 1.8.0_25,00.450,1093,3756,8741
858,java 1.8.0_25,00.459,1093,3770,8745
859,java 1.8.0_25,00.472,1093,3831,8767
860,java 1.8.0_25,00.430,1093,3789,8778
861,java 1.8.0_25,00.470,1093,3780,8791
862,java 1.8.0_25,00.453,1093,3772,8803
863,java 1.8.0_25,00.455,1093,3779,8807
864,java 1.8.0_25,00.414,1093,3743,8817
865,java 1.8.0_25,00.448,1093,3778,8830
866,java 1.8.0_25,00.444,1093,3762,8841
867,java 1.8.0_25,00.484,1093,3771,8848
868,java 1.8.0_25,00.428,1093,3785,8872
869,java 1.8.0_25,00.482,1093,3841,8874
870,java 1.8.0_25,00.477,1093,3858,8880
871,java 1.8.0_25,00.425,1093,3805,8906
872,java 1.8.0_25,00.458,1093,3830,8894
873,java 1.8.0_25,00.460,1093,3812,8907
874,java 1.8.0_25,00.437,1093,3846,8926
875,java 1.8.0_25,00.465,1093,3872,8938
876,java 1.8.0_25,00.437,1093,3800,8944
877,java 1.8.0_25,00.461,1093,3846,8962
878,java 1.8.0_25,00.459,1093,3838,8969
879,java 1.8.0_25,00.429,1093,3863,8983
880,java 1.8.0_25,00.466,1093,3854,8992
881,java 1.8.0_25,00.423,1093,3829,8992
882,java 1.8.0_25,00.424,1093,3824,9007
883,java 1.8.0_25,00.465,1093,3855,9016
884,java 1.8.0_25,00.427,1093,3873,9022
885,java 1.8.0_25,00.454,1093,3883,9037
886,java 1.8.0_25,00.432,1093,3873,9046
887,java 1.8.0_25,00.449,1093,3854,9065
888,java 1.8.0_25,00.425,1093,3904,9067
889,java 1.8.0_25,00.464,1093,3890,9079
890,java 1.8.0_25,00.444,1093,3895,9087
891,java 1.8.0_25,00.451,1093,3883,9106
892,java 1.8.0_25,00.430,1093,3915,9114
893,java 1.8.0_25,00.455,1093,3917,9123
894,java 1.8.0_25,00.459,1093,3916,9125
895,java 1.8.0_25,00.453,1093,3928,9140
896,java 1.8.0_25,00.417,1093,3916,9163
897,java 1.8.0_25,00.429,1093,3942,9170
898,java 1.8.0_25,00.474,1093,3835,9183
899,java 1.8.0_25,00.423,1093,3965,9191
900,java 1.8.0_25,00.451,1093,3893,9199
901,java 1.8.0_25,00.436,1093,3971,9213
902,java 1.8.0_25,00.432,1093,3979,9222
903,java 1.8.0_25,00.424,1093,3937,9236
904,java 1.8.0_25,00.466,1093,3943,9239
905,java 1.8.0_25,00.445,1093,3963,9254
906,java 1.8.0_25,00.465,1093,3956,9259
907,java 1.8.0_25,00.433,1093,4015,9267
908,java 1.8.0_25,00.473,1093,3997,9274
909,java 1.8.0_25,00.458,1093,3932,9299
910,java 1.8.0_25,00.448,1093,3961,9303
911,java 1.8.0_25,00.418,1093,3957,9311
912,java 1.8.0_25,00.459,1093,4036,9316
913,java 1.8.0_25,00.454,1093,3978,9347
914,java 1.8.0_25,00.485,1093,3985,9340
915,java 1.8.0_25,00.432,1093,3987,9358
916,java 1.8.0_25,00.473,1093,3966,9357
917,java 1.8.0_25,00.452,1093,3972,9380
918,java 1.8.0_25,00.453,1093,4037,9372
919,java 1.8.0_25,00.470,1093,3992,9390
920,java 1.8.0_25,00.430,1093,3984,9405
921,java 1.8.0_25,00.469,1093,4052,9425
922,java 1.8.0_25,00.459,1093,4032,9430
923,java 1.8.0_25,00.429,1093,3996,9432
924,java 1.8.0_25,00.480,1093,4034,9466
925,java 1.8.0_25,00.431,1093,4011,9453
926,java 1.8.0_25,00.492,1093,4056,9476
927,java 1.8.0_25,00.450,1093,4051,9467
928,java 1.8.0_25,00.451,1093,4042,9492
929,java 1.8.0_25,00.459,1093,4040,9500
930,java 1.8.0_25,00.429,1093,4073,9519
931,java 1.8.0_25,00.447,1093,4030,9529
932,java 1.8.0_25,00.455,1093,4084,9538
933,java 1.8.0_25,00.426,1093,4090,9546
934,java 1.8.0_25,00.471,1093,4056,9562
935,java 1.8.0_25,00.441,1093,4064,9585
936,java 1.8.0_25,00.460,1093,4035,9571
937,java 1.8.0_25,00.463,1093,4089,9592
938,java 1.8.0_25,00.427,1093,4111,9606
939,java 1.8.0_25,00.480,1093,4021,9610
940,java 1.8.0_25,00.430,1093,4049,9622
941,java 1.8.0_25,00.453,1093,4096,9631
942,java 1.8.0_25,00.453,1093,4112,9634
943,java 1.8.0_25,00.452,1093,4079,9647
944,java 1.8.0_25,00.441,1093,4135,9644
945,java 1.8.0_25,00.432,1093,4152,9682
946,java 1.8.0_25,00.474,1093,4097,9676
947,java 1.8.0_25,00.433,1093,4206,9680
948,java 1.8.0_25,00.454,1093,4086,9690
949,java 1.8.0_25,00.455,1093,4121,9714
950,java 1.8.0_25,00.429,1093,4101,9710
951,java 1.8.0_25,00.452,1093,4121,9722
952,java 1.8.0_25,00.460,1093,4138,9733
953,java 1.8.0_25,00.481,1093,4153,9744
954,java 1.8.0_25,00.466,1093,4061,9755
955,java 1.8.0_25,00.468,1093,4148,9772
956,java 1.8.0_25,00.456,1093,4167,9778
957,java 1.8.0_25,00.444,1093,4137,9792
958,java 1.8.0_25,00.428,1093,4156,9798
959,java 1.8.0_25,00.473,1093,4172,9798
960,java 1.8.0_25,00.455,1093,4170,9821
961,java 1.8.0_25,00.434,1093,4123,9833
962,java 1.8.0_25,00.433,1093,4180,9839
963,java 1.8.0_25,00.452,1093,4220,9839
964,java 1.8.0_25,00.454,1093,4153,9858
965,java 1.8.0_25,00.454,1093,4166,9857
966,java 1.8.0_25,00.481,1093,4171,9872
967,java 1.8.0_25,00.427,1093,4183,9878
968,java 1.8.0_25,00.433,1093,4193,9889
969,java 1.8.0_25,00.458,1093,4195,9894
970,java 1.8.0_25,00.424,1093,4175,9917
971,java 1.8.0_25,00.460,1093,4213,9906
972,java 1.8.0_25,00.452,1093,4258,9919
973,java 1.8.0_25,00.440,1093,4231,9932
974,java 1.8.0_25,00.449,1093,4214,9935
975,java 1.8.0_25,00.449,1093,4158,9965
976,java 1.8.0_25,00.458,1093,4154,9967
977,java 1.8.0_25,00.459,1093,4207,9995
978,java 1.8.0_25,00.434,1093,4197,9980
979,java 1.8.0_25,00.452,1093,4248,9996
980,java 1.8.0_25,00.476,1093,4244,10026
981,java 1.8.0_25,00.443,1093,4308,10034
982,java 1.8.0_25,00.427,1093,4294,10038
983,java 1.8.0_25,00.467,1093,4219,10052
984,java 1.8.0_25,00.460,1093,4278,10051
985,java 1.8.0_25,00.452,1093,4247,10074
986,java 1.8.0_25,00.432,1093,4275,10092
987,java 1.8.0_25,00.429,1093,4247,10109
988,java 1.8.0_25,00.462,1093,4258,10117
989,java 1.8.0_25,00.478,1093,4345,10117
990,java 1.8.0_25,00.439,1093,4340,10146
991,java 1.8.0_25,00.452,1093,4326,10144
992,java 1.8.0_25,00.451,1093,4323,10154
993,java 1.8.0_25,00.473,1093,4286,10158
994,java 1.8.0_25,00.431,1093,4300,10180
995,java 1.8.0_25,00.473,1093,4283,10203
996,java 1.8.0_25,00.462,1093,4368,10204
997,java 1.8.0_25,00.445,1093,4347,10219
998,java 1.8.0_25,00.467,1093,4297,10213
999,java 1.8.0_25,00.429,1093,4352,10242
1000,java 1.8.0_25,00.433,1093,4311,10249
